date,token,close,sma50,sma200,rsi,macd,macd_signal,gpt_summary
2025-05-22,BTC,110537.68,93467.17,93411.83,76.8,4135.8,3861.44,"""Moving forward, watch the 120k level closely. Last week's call was spot on—let's see if the trend holds. Keep your wits about you, this is crypto after all. — Hunter 🐾"""
2025-05-22,BTC,110590.5,93468.23,93412.09,76.9,4140.02,3862.28,"Moving forward, maintain a close watch on the 120k level. Last week's call was spot on with a close of 110537.68 and RSI of 76.8. Let's see if the trend holds. Keep your wits about you, this is crypto after all. — Hunter 🐾"
2025-05-22,BTC,110594.97,93468.32,93412.11,76.9,4140.37,3862.35,"""Moving forward, keep an eye on the $120k level. Reflecting on last week's call, the close was spot on at $110590.5 with an RSI of 76.9. As always, this is NFA ""
As always, this is NFA — Hunter 🐾"
2025-05-22,BTC,110695.65,93470.33,93412.62,77.0,4148.41,3863.96,"""Moving forward, keep an eye on the $120k level. Reflecting on last week's call, the close was spot on at $110590.5 with an RSI of 76.9.  ""
As always, this is NFA — Hunter 🐾"
2025-05-22,BTC,110800.38,93472.43,93413.14,77.1,4156.76,3865.63,"Reflecting on last week's call, the close was spot on at $110590.5 with an RSI of 76.9. Moving forward, keep an eye on the $120k level.  .
As always, this is NFA — Hunter 🐾"
2025-05-22,BTC,110999.99,93476.42,93414.14,77.3,4172.68,3868.81,"MACD flaunts 4172.68 against a Signal of 3868.81. This divergence suggests the trend is our friend.  .
As always, this is NFA — Hunter 🐾"
